id,tool_name,commands,usage,description,link,system
1,The Sleuth Kit (TSK),"['fls -r -m / image.dd > bodyfile', 'ils -e image.dd', 'icat image.dd 12345 > output.file', 'istat image.dd 12345']","Analyze disk images to recover files, list file metadata, and create timelines.","Open-source collection of command-line tools for analyzing disk images and file systems (NTFS, FAT, ext). Enables recovery of deleted files, metadata examination, and timeline generation.",https://www.sleuthkit.org/sleuthkit/,"['Linux', 'Windows', 'macOS']"
2,Autopsy,"['autopsy -i image.dd -o case_output', '(GUI-based, no direct commands for analysis)']","Graphical interface for analyzing disk images, recovering files, and generating reports.","GUI for The Sleuth Kit, supporting timeline analysis, keyword searching, file recovery, and module integration for detecting IOCs.",https://www.autopsy.com/,"['Linux', 'Windows', 'macOS']"
3,FTK Imager,"['ftkimager image.dd output_dir --e01', 'ftkimager --verify image.e01']",Create and verify forensic disk images without altering evidence.,"Free tool for creating forensic images in E01, DD, or AD1 formats. Calculates MD5/SHA1 hashes and allows file preview and recovery.",https://www.exterro.com/ftk-imager,['Windows']
4,Wireshark,"['wireshark -i eth0 -k', ""tshark -r capture.pcap -Y 'http.request'""]",Capture and analyze network traffic for anomalies or malicious activity.,"Open-source network protocol analyzer for capturing and dissecting packets, supporting over 2,000 protocols.",https://www.wireshark.org/,"['Linux', 'Windows', 'macOS']"
5,Volatility,"['volatility -f memdump.dmp --profile=Win10x64 pslist', 'volatility -f memdump.dmp --profile=Win7SP1x86 netscan']","Analyze memory dumps to extract processes, network connections, and artifacts.","Memory forensics framework for analyzing RAM dumps, extracting processes, network connections, and keys.",https://www.volatilityfoundation.org/,"['Linux', 'Windows', 'macOS']"
6,EnCase,"['(GUI-based, no direct CLI commands)']",Perform comprehensive forensic analysis of digital evidence.,"Commercial forensic suite for disk imaging, file recovery, and detailed analysis with reporting capabilities.",https://www.opentext.com/products/encase-forensic,['Windows']
7,X-Ways Forensics,"['(GUI-based, no direct CLI commands)']",Analyze disk images and memory dumps with advanced file carving.,"Commercial forensic tool for in-depth file system analysis, data recovery, and evidence reporting.",http://www.x-ways.net/forensics/,['Windows']
8,Caine,"['caine -start', '(GUI-based forensic environment)']",Bootable Linux distro for forensic analysis.,"Open-source forensic environment with pre-installed tools for disk imaging, memory analysis, and reporting.",https://www.caine-live.net/,['Linux']
9,Magnet AXIOM,"['(GUI-based, no direct CLI commands)']",Analyze digital evidence from multiple sources with a unified interface.,"Commercial tool for acquiring and analyzing data from computers, mobiles, and cloud services.",https://www.magnetforensics.com/products/magnet-axiom/,"['Windows', 'macOS']"
10,Rekall,"['rekall -f memdump.dmp pslist', 'rekall -f memdump.dmp netscan']",Analyze memory dumps for forensic artifacts.,"Open-source memory forensics framework, alternative to Volatility, with plugin-based analysis.",http://www.rekall-forensic.com/,"['Linux', 'Windows', 'macOS']"
11,dd,"['dd if=/dev/sda of=image.dd bs=64k conv=noerror,sync']",Create raw disk images for forensic analysis.,"Unix utility for low-level disk copying and imaging, widely used for forensic acquisition.",https://man7.org/linux/man-pages/man1/dd.1.html,"['Linux', 'macOS']"
12,Foremost,['foremost -i image.dd -o output_dir'],Recover files from disk images based on file headers.,"Open-source tool for file carving, recovering files by identifying headers and footers.",http://foremost.sourceforge.net/,"['Linux', 'Windows', 'macOS']"
13,Bulk Extractor,['bulk_extractor -o output_dir image.dd'],Extract structured data like emails and URLs from disk images.,"Tool for extracting features (e.g., emails, URLs, credit card numbers) from forensic images.",https://github.com/simsong/bulk_extractor,"['Linux', 'Windows', 'macOS']"
14,Scalpel,['scalpel -c scalpel.conf -o output_dir image.dd'],Carve files from disk images using header/footer matching.,"Open-source file carving tool, optimized for speed and efficiency in data recovery.",https://github.com/sleuthkit/scalpel,"['Linux', 'Windows', 'macOS']"
15,TestDisk,['testdisk image.dd'],Recover lost partitions and repair filesystems.,Open-source tool for recovering lost partitions and making non-booting disks bootable again.,https://www.cgsecurity.org/wiki/TestDisk,"['Linux', 'Windows', 'macOS']"
16,PhotoRec,['photorec image.dd'],Recover files from damaged or formatted storage.,"Open-source tool for recovering files based on file signatures, companion to TestDisk.",https://www.cgsecurity.org/wiki/PhotoRec,"['Linux', 'Windows', 'macOS']"
17,Hashcat,['hashcat -m 0 -a 0 hashes.txt wordlist.txt'],Crack password hashes for forensic investigations.,Advanced password recovery tool supporting multiple hash types and attack modes.,https://hashcat.net/hashcat/,"['Linux', 'Windows', 'macOS']"
18,John the Ripper,['john --format=NT hashes.txt'],Crack passwords using dictionary or brute-force attacks.,Open-source password cracker for auditing and recovering passwords in forensic contexts.,https://www.openwall.com/john/,"['Linux', 'Windows', 'macOS']"
19,Cain & Abel,"['(GUI-based, no direct CLI commands)']",Recover passwords and analyze network protocols.,"Windows-based tool for password recovery, network sniffing, and VoIP analysis.",http://www.oxid.it/cain.html,['Windows']
20,Nmap,"['nmap -sS -p- target_ip', 'nmap -O target_ip']",Scan networks to identify hosts and services.,"Open-source network scanner for discovering devices, services, and vulnerabilities.",https://nmap.org/,"['Linux', 'Windows', 'macOS']"
21,tcpdump,"['tcpdump -i eth0 -w capture.pcap', 'tcpdump -r capture.pcap']",Capture and analyze network packets.,Command-line packet analyzer for capturing and filtering network traffic.,https://www.tcpdump.org/,"['Linux', 'macOS']"
22,Aircrack-ng,['aircrack-ng -w wordlist.txt capture.cap'],Analyze and crack Wi-Fi network passwords.,"Suite of tools for auditing wireless networks, including packet capture and WEP/WPA cracking.",https://www.aircrack-ng.org/,"['Linux', 'Windows', 'macOS']"
23,Metasploit,"['msfconsole', 'use exploit/multi/handler']",Test systems for vulnerabilities and exploits.,Penetration testing framework with modules for exploiting vulnerabilities and analyzing systems.,https://www.metasploit.com/,"['Linux', 'Windows', 'macOS']"
24,Kali Linux,"['(Full OS, tools run individually)']",Run forensic and pentesting tools in a dedicated OS.,Linux distribution tailored for security researchers and forensic analysts with pre-installed tools.,https://www.kali.org/,['Linux']
25,DEFT Linux,"['(Full OS, tools run individually)']",Bootable forensic environment for analysis.,"Linux-based forensic distro with tools for disk imaging, memory analysis, and reporting.",http://www.deftlinux.net/,['Linux']
26,Paladin Forensic Suite,['(GUI-based forensic environment)'],Live forensic analysis with pre-configured tools.,"Bootable forensic distro with tools for imaging, analysis, and evidence collection.",https://sumuri.com/software/paladin/,['Linux']
27,Cellebrite UFED,"['(Proprietary, no public CLI commands)']",Extract and analyze data from mobile devices.,Commercial mobile forensics tool for extracting data from smartphones and tablets.,https://www.cellebrite.com/en/ufed/,['Windows']
28,Oxygen Forensic Detective,"['(GUI-based, no direct CLI commands)']",Analyze mobile and cloud data for investigations.,Commercial tool for extracting and analyzing data from mobile devices and cloud services.,https://www.oxygen-forensic.com/en/,['Windows']
29,MobSF,['mobsf --start'],Analyze mobile apps for security vulnerabilities.,Open-source Mobile Security Framework for static and dynamic analysis of Android and iOS apps.,https://github.com/MobSF/Mobile-Security-Framework-MobSF,"['Linux', 'Windows', 'macOS']"
30,ExifTool,"['exiftool image.jpg', 'exiftool -all= image.jpg']",Extract and modify metadata from files.,"Open-source tool for reading, writing, and editing metadata in images, audio, and video files.",https://exiftool.org/,"['Linux', 'Windows', 'macOS']"
31,Binwalk,"['binwalk firmware.bin', 'binwalk -e firmware.bin']",Analyze and extract firmware images.,"Tool for analyzing, reverse-engineering, and extracting firmware images and embedded files.",https://github.com/ReFirmLabs/binwalk,"['Linux', 'Windows', 'macOS']"
32,Ghidra,"['ghidraRun', '(GUI-based reverse engineering)']",Reverse-engineer binaries for forensic analysis.,Open-source software reverse-engineering tool for analyzing compiled code.,https://ghidra-sre.org/,"['Linux', 'Windows', 'macOS']"
33,Radare2,"['r2 binary.exe', 'aaa; pdf @ main']",Analyze and reverse-engineer binaries.,Open-source framework for reverse-engineering and analyzing binaries with disassembly and debugging.,https://www.radare.org/,"['Linux', 'Windows', 'macOS']"
34,Sysinternals Suite,"['procexp.exe', 'autoruns.exe']",Analyze Windows system processes and configurations.,"Collection of Windows utilities for monitoring processes, autoruns, and system activity.",https://learn.microsoft.com/en-us/sysinternals/,['Windows']
35,OSForensics,"['(GUI-based, no direct CLI commands)']",Analyze disk images and system artifacts.,"Commercial forensic tool for analyzing file systems, memory, and system artifacts.",https://www.osforensics.com/,['Windows']
36,Rekordbox,"['(GUI-based, no direct CLI commands)']",Analyze DJ software data for forensic purposes.,"Tool for analyzing Rekordbox DJ software data, including playlists and track metadata.",https://rekordbox.com/,"['Windows', 'macOS']"
37,Hashdeep,"['hashdeep -c md5,sha1 image.dd > hashes.txt']",Compute and verify file hashes recursively.,"Tool for computing and auditing MD5, SHA1, and other hashes for forensic verification.",https://github.com/jessek/hashdeep,"['Linux', 'Windows', 'macOS']"
38,Guymager,['guymager /dev/sda image.dd'],Create forensic disk images.,Open-source tool for creating forensic images of storage devices with hash verification.,https://guymager.sourceforge.io/,['Linux']
39,LiME,"['insmod lime.ko ""path=/mem.lime format=lime""']",Capture memory dumps from Linux systems.,Linux Memory Extractor for acquiring volatile memory dumps for forensic analysis.,https://github.com/504ensicsLabs/LiME,['Linux']
40,DumpIt,['DumpIt.exe /O memory.dmp'],Capture memory dumps from Windows systems.,Tool for generating memory dumps from Windows systems for forensic analysis.,https://www.comae.com/dumpit/,['Windows']
41,MemProcFS,['MemProcFS.exe -device memory.dmp'],Analyze memory dumps as virtual file systems.,Tool for mounting memory dumps as virtual file systems for process and artifact analysis.,https://github.com/ufrisk/MemProcFS,"['Windows', 'Linux']"
42,FTK,"['(GUI-based, no direct CLI commands)']",Comprehensive forensic analysis of digital evidence.,"Commercial forensic suite for disk imaging, file analysis, and reporting.",https://www.exterro.com/forensic-toolkit,['Windows']
43,KAPE,['kape.exe --module triage --target output_dir'],Collect forensic artifacts from live systems.,Kroll Artifact Parser and Extractor for rapid collection of system artifacts.,https://www.kroll.com/en/services/cyber-risk/incident-response/kape,['Windows']
44,R-Studio,"['(GUI-based, no direct CLI commands)']",Recover lost data and analyze disk images.,Commercial tool for data recovery and forensic analysis of file systems.,https://www.r-studio.com/,"['Windows', 'macOS', 'Linux']"
45,SANS SIFT,"['(Full forensic workstation, tools run individually)']",Forensic analysis with pre-configured tools.,"SANS Investigative Forensic Toolkit, a Linux-based distro with forensic tools.",https://www.sans.org/tools/sift-workstation/,['Linux']
46,Xplico,['xplico -m pcap -f capture.pcap'],Extract data from network captures.,Open-source tool for extracting application data from network packet captures.,http://www.xplico.org/,['Linux']
47,Network Miner,['NetworkMiner.exe capture.pcap'],Analyze network traffic for forensic artifacts.,"Tool for extracting files, credentials, and metadata from network captures.",https://www.netresec.com/?page=NetworkMiner,"['Windows', 'Linux']"
48,DC3DD,['dc3dd if=/dev/sda of=image.dd hash=md5'],Create forensic disk images with hashing.,Enhanced version of dd with built-in hashing for forensic imaging.,https://sourceforge.net/projects/dc3dd/,"['Linux', 'macOS']"
49,HXD,['(GUI-based hex editor)'],Analyze and edit raw disk data.,Free hex editor for analyzing and modifying binary files and disk sectors.,https://mh-nexus.de/en/hxd/,['Windows']
50,Autopsy Cloud,"['(GUI-based, no direct CLI commands)']",Analyze cloud-based evidence.,"Extension of Autopsy for analyzing cloud data, such as Google Drive and Dropbox artifacts.",https://www.autopsy.com/,"['Linux', 'Windows', 'macOS', 'Cloud']"
51,Cyber Triage,"['(GUI-based, no direct CLI commands)']",Automated incident response and endpoint analysis.,"Cyber Triage is an automated DFIR tool that collects and analyzes endpoint data to detect compromises. It integrates with EDR and SIEM solutions, using malware scanning and artifact scoring for rapid triaging.",https://www.cybertriage.com/,"['Windows', 'Linux']"
52,REMnux,"['remnux-install', '(Tool suite, individual tool commands vary)']",Analyze malware and reverse-engineer malicious code.,"A Linux-based toolkit for malware analysis, including tools for analyzing Windows/Linux malware, obfuscated JavaScript, and suspicious documents. Built on Ubuntu, it simplifies setup for forensic investigators.",https://remnux.org/,['Linux']
53,SOF-ELK,['sof-elk -f logs -o output_dir'],Analyze logs and network data with big data analytics.,"A big data analytics platform built on the Elastic Stack, tailored for forensic investigators. It processes logs and NetFlow data, providing visualizations for rapid incident analysis.",https://github.com/philhagen/sof-elk,['Linux']
54,Dissect,"['dissect -t disk image.dd', 'dissect -t memory memdump.dmp']",Analyze forensic artifacts from disk and memory images.,"An open-source DFIR framework by Fox-IT for parsing disk and file formats, extracting artifacts like MFT, registry, and event logs with modular plugins.",https://github.com/fox-it/dissect,"['Linux', 'Windows', 'macOS']"
55,Hashlookup Forensic Analyser,['hashlookup-forensic-analyser -f file.bin'],Identify known or unknown files via hash analysis.,"Uses the hashlookup API or local Bloom filters to analyze files from forensic acquisitions, identifying known malicious or benign files.",https://github.com/hashlookup/hashlookup-forensic-analyser,"['Linux', 'Windows', 'macOS']"
56,IntelMQ,"['intelmqctl start', 'intelmqctl run bot']",Collect and process threat intelligence feeds.,"An open-source tool for collecting and processing security feeds, integrating with forensic workflows to correlate IOCs across incidents.",https://www.enisa.europa.eu/topics/csirt-in-europe/intelmq,['Linux']
57,TAPIR,['tapir -i evidence.zip -o report.json'],Parse forensic artifacts for incident response.,"Trustable Artifacts Parser for Incident Response, a multi-user client/server framework for parsing forensic artifacts from various sources.",https://github.com/mikaelz/tapir,"['Linux', 'Windows']"
58,Turbinia,['turbinia -i image.dd -o output_dir'],Automate forensic tasks in cloud environments.,"An open-source framework for running forensic workloads on cloud platforms, automating tasks like file carving and hash analysis.",https://turbinia.org/,"['Cloud', 'Linux']"
59,UAC,['uac -o artifacts_dir'],Collect forensic artifacts from Unix-like systems.,"Unix-like Artifacts Collector automates artifact collection from AIX, Android, FreeBSD, Linux, macOS, and other systems for incident response.",https://github.com/tclahr/uac,"['Linux', 'macOS', 'Android']"
60,Fastfinder,['fastfinder -c config.yml -o results.json'],Find suspicious files with customizable rules.,"A cross-platform tool for finding suspicious files using MD5/SHA1/SHA256 hashes, regex, and YARA rules, optimized for forensic investigations.",https://github.com/codeyourweb/fastfinder,"['Linux', 'Windows', 'macOS']"
61,Recon,['recon -i image.dd -o metadata.db'],Query and analyze file metadata.,A performance-oriented file finder with SQL querying and YARA support for analyzing file metadata in forensic investigations.,https://github.com/jhwohlgemuth/recon,"['Linux', 'Windows', 'macOS']"
62,Acquire,['acquire -i /dev/sda -o evidence.tar'],Collect forensic artifacts into containers.,A tool for rapidly gathering forensic artifacts from disk images or live systems into lightweight containers for analysis.,https://github.com/fox-it/acquire,"['Linux', 'Windows', 'macOS']"
63,ArtifactCollector,['artifactcollector -c config.json -o output_dir'],Collect forensic artifacts from multiple systems.,"A customizable agent for collecting forensic artifacts from Windows, macOS, and Linux systems, supporting automated evidence gathering.",https://github.com/forensicanalysis/artifactcollector,"['Linux', 'Windows', 'macOS']"
64,Volafox,['volafox -i memdump.dmp -o report.json'],Analyze memory dumps on macOS and BSD.,"An open-source memory forensics toolkit for macOS and BSD, providing process listings, kernel extensions, and network socket analysis.",https://github.com/n0fate/volafox,['macOS']
65,The Coroner's Toolkit (TCT),"['grave-robber -o output_dir', 'ils -e image.dd']",Perform low-level forensic analysis on Unix systems.,"A collection of Unix-based tools for data recovery and forensic analysis, considered a predecessor to The Sleuth Kit.",http://www.porcupine.org/forensics/tct.html,"['Linux', 'macOS']"
66,Fidelis ThreatScanner,['threatscanner -i ioc.xml -o report.txt'],Scan endpoints for IOCs using YARA rules.,A free tool from Fidelis Cybersecurity for scanning endpoints with OpenIOC and YARA rules to detect compromises.,https://www.fidelissecurity.com/,['Windows']
67,LOKI,['loki -p target_dir -o report.csv'],Scan endpoints for IOCs with YARA rules.,"An open-source scanner for detecting IOCs using YARA rules, focused on endpoint analysis for incident response.",https://github.com/Neo23x0/Loki,"['Linux', 'Windows', 'macOS']"
68,Panorama,['panorama -t system -o snapshot.json'],Capture snapshots of live Windows systems.,"A tool for rapid incident overview on live Windows systems, collecting system state and artifacts for forensic analysis.",https://github.com/Neo23x0/Panorama,['Windows']
69,PowerForensics,['Get-ForensicFileRecord -Path image.dd'],Analyze forensic data using PowerShell.,A PowerShell-based live disk forensics platform for analyzing file systems and artifacts on Windows.,https://github.com/Invoke-IR/PowerForensics,['Windows']
70,PSRecon,['psrecon.ps1 -remote host -o output_dir'],Gather forensic data from remote Windows hosts.,"A PowerShell tool for collecting and hashing forensic data from remote Windows systems, organizing it for analysis.",https://github.com/gfoss/PSRecon,['Windows']
71,Imagemounter,['imagemounter -i image.dd -o mountpoint'],Mount forensic disk images for analysis.,"A command-line utility and Python package for mounting forensic disk images, simplifying access to file systems.",https://github.com/arskom/imagemounter,"['Linux', 'Windows', 'macOS']"
72,Kansa,['kansa.ps1 -module-path modules -o output_dir'],Collect forensic data using PowerShell.,A modular PowerShell-based incident response framework for collecting and analyzing forensic data on Windows systems.,https://github.com/davehull/Kansa,['Windows']
73,RaQet,['raqet -client target -o triage.tar'],Triage remote systems for forensic data.,An unconventional tool for remote acquisition and triaging of disks from a client system running a forensic OS.,https://github.com/raqet/raqet,"['Linux', 'Windows']"
74,Stalk,['stalk -db mysql -o evidence.json'],Collect forensic data from MySQL databases.,"A tool for collecting forensic data from MySQL databases during incidents, capturing queries and configurations.",https://github.com/AppliedTrust/stalk,"['Linux', 'Windows', 'macOS']"
75,SearchGiant,['searchgiant -cloud aws -o artifacts.json'],Acquire forensic data from cloud services.,"A command-line utility for collecting forensic data from cloud platforms like AWS and GCP, focusing on logs and metadata.",https://github.com/mandiant/SearchGiant,['Cloud']
76,Stenographer,['stenographer -c config.yml -o capture.pcap'],Capture and store network packets.,"A packet capture solution that spools packets to disk, providing fast access to subsets for forensic analysis.",https://github.com/google/stenographer,['Linux']
77,ir-rescue,"['ir-rescue.bat -o output_dir', 'ir-rescue.sh -o output_dir']",Collect host forensic data during incidents.,A Windows Batch and Unix Bash script for comprehensive forensic data collection on Windows and Unix systems.,https://github.com/diogo-fernan/ir-rescue,"['Linux', 'Windows', 'macOS']"
78,Live Response Collection,['live-response.sh -o artifacts_dir'],Automate volatile data collection.,"An automated tool by BriMor Labs for collecting volatile data from Windows, macOS, and Linux systems during incidents.",https://github.com/BriMorLabs/live-response,"['Linux', 'Windows', 'macOS']"
79,Cyphon,['cyphon -c config.yml -o incident_report.json'],Manage and triage cybersecurity incidents.,"An incident management platform that streamlines event triaging, alert prioritization, and analyst workflows.",https://github.com/dunbarsecurity/cyphon,['Linux']
80,Demisto,['demisto -i incident.json -o report.pdf'],Manage incident response workflows.,"A free community edition platform for incident lifecycle management, integrating with tools like Active Directory and Jira.",https://www.paloaltonetworks.com/cortex/demisto,"['Linux', 'Windows']"
81,FIR,['firma -i incident -o report.json'],Manage cybersecurity incidents rapidly.,"Fast Incident Response platform for agile incident management, focusing on speed and collaboration.",https://github.com/certsocietegenerale/FIR,['Linux']
82,CIRTkit,['cirtkit -t analyze -i evidence.zip'],Unify forensic and IR processes.,"A framework for integrating incident response and forensic tools, streamlining investigations with customizable workflows.",https://github.com/CIRTKit/CIRTKit,['Linux']
83,Digital Forensics Framework (DFF),['dff -i image.dd -o report.json'],Conduct digital investigations with automation.,"An open-source platform for forensic investigations, built on an API for simplified analysis and automation.",http://www.digital-forensic.org/,"['Linux', 'Windows', 'macOS']"
84,CrowdStrike Falcon Forensics,"['(Cloud-based, no direct CLI commands)']",Collect and analyze forensic artifacts in the cloud.,"A cloud-native DFIR solution for collecting and analyzing forensic artifacts like MFT and shellbags, with advanced query capabilities.",https://www.crowdstrike.com/products/forensics/,"['Cloud', 'Windows']"
85,IPED,['iped -i evidence.dd -o case_dir'],Process digital evidence for investigations.,"Indexador e Processador de Evidências Digitais, a Brazilian Federal Police tool for indexing and processing forensic evidence.",https://github.com/sepinf-inc/IPED,"['Linux', 'Windows', 'macOS']"
86,Lima,['(GUI-based case management)'],Manage forensic cases and evidence.,"A forensic case management system by IntaForensics, used by law enforcement and corporate investigators for evidence tracking.",https://www.intaforensics.com/lima/,['Windows']
87,Snort,"['snort -i eth0 -c snort.conf', 'snort -r capture.pcap']",Detect intrusions via network packet analysis.,"An open-source network intrusion detection system for sniffing and logging packets, used in forensic network analysis.",https://www.snort.org/,"['Linux', 'Windows', 'macOS']"
88,CyberChef,"['(Web-based, no CLI commands)']",Analyze and transform data for forensic tasks.,"A web-based tool for data modification, encoding, and decryption, widely used for forensic data analysis.",https://gchq.github.io/CyberChef/,"['Linux', 'Windows', 'macOS', 'Cloud']"
89,Deshashed,"['(Web-based, no CLI commands)']",Search for compromised credentials.,"A tool for searching leaked email addresses and passwords, useful for credential-stuffing investigations.",https://www.deshashed.com/,['Cloud']
90,OpenVAS,"['openvas-start', 'openvas -u report.xml']",Scan for vulnerabilities in systems.,"An open-source vulnerability scanner for identifying security weaknesses in networks and systems, aiding forensic investigations.",https://www.openvas.org/,['Linux']
91,OSSEC,"['ossec-control start', 'ossec-logtest']",Detect and prevent intrusions.,"An open-source host-based intrusion detection and prevention system, used for monitoring logs and file integrity.",https://www.ossec.net/,"['Linux', 'Windows', 'macOS']"
92,Sqlmap,['sqlmap -u http://target.com --dbs'],Detect and exploit SQL injection vulnerabilities.,"An automated tool for identifying and exploiting SQL injection flaws, useful in forensic database investigations.",https://sqlmap.org/,"['Linux', 'Windows', 'macOS']"
93,BlueTeam.Lab,"['terraform apply', 'ansible-playbook setup.yml']",Simulate and analyze security incidents.,"A detection lab for blue team exercises, built with Terraform and Ansible for forensic and IR training in Azure.",https://github.com/SecurityBlueTeam/BlueTeam.Lab,['Cloud']
94,ForensicPosters,"['(Reference material, no CLI commands)']",Reference file system structures for forensics.,"A collection of posters detailing file system structures, used as a reference for forensic analysts.",https://forensicposters.com/,"['Linux', 'Windows', 'macOS']"
95,eSentire Agent,"['(Proprietary, no public CLI commands)']",Collect forensic data for rapid IR.,"A proprietary tool for rapid forensic data collection and threat suppression, deployed for incident response.",https://www.esentire.com/,"['Windows', 'Linux']"
96,YARA,"['yara rules.yar target_file', 'yara -r rules.yar target_dir']",Identify malware with pattern matching.,A tool for creating and applying pattern-matching rules to identify malware and IOCs in forensic investigations.,https://virustotal.github.io/yara/,"['Linux', 'Windows', 'macOS']"
97,Velociraptor,"['velociraptor -c config.yaml client', 'velociraptor hunt']",Conduct endpoint forensics and hunting.,An advanced endpoint monitoring and DFIR tool for collecting artifacts and hunting threats across systems.,https://www.velocidex.com/,"['Linux', 'Windows', 'macOS']"
98,Plaso,"['log2timeline.py -f image.dd -o timeline.csv', 'psort.py -o report.json timeline.csv']",Generate and analyze forensic timelines.,An open-source tool for extracting and sorting timestamps from forensic images to create detailed timelines.,https://github.com/log2timeline/plaso,"['Linux', 'Windows', 'macOS']"
99,Autopsy Cloud Connector,"['(Integrated with Autopsy, no direct CLI)']",Extract cloud artifacts for forensic analysis.,"A module for Autopsy to collect and analyze cloud-based evidence, such as Google Drive and OneDrive artifacts.",https://www.autopsy.com/,"['Linux', 'Windows', 'macOS', 'Cloud']"
100,MemGator,['memgator -i memdump.dmp -o artifacts.json'],Analyze memory dumps for artifacts.,A memory forensics tool for extracting artifacts like processes and network connections from RAM dumps.,https://github.com/mikeautry/MemGator,"['Linux', 'Windows', 'macOS']"
101,GRR Rapid Response,"['grr_server', 'grr_client -c config.yaml']",Conduct remote forensic investigations.,An open-source incident response framework for remote evidence collection and analysis across endpoints.,https://github.com/google/grr,"['Linux', 'Windows', 'macOS']"
102,X-Ways Evidor,"['(GUI-based, no direct CLI commands)']",Search for digital evidence in files.,"A tool for rapid keyword searching across files and unallocated space, optimized for forensic investigations.",http://www.x-ways.net/evidor/,['Windows']
103,CAINE Live USB,"['(Live USB, tools run individually)']",Bootable forensic environment for analysis.,A Linux-based live USB distro with pre-installed forensic tools for disk imaging and analysis.,https://www.caine-live.net/,['Linux']
104,OSINT Framework,"['(Web-based, no CLI commands)']",Collect open-source intelligence for forensics.,"A web-based framework for gathering OSINT data, useful for correlating forensic evidence with public sources.",https://osintframework.com/,"['Linux', 'Windows', 'macOS', 'Cloud']"
105,Maltego,"['(GUI-based, no direct CLI commands)']",Visualize relationships in forensic data.,"A tool for link analysis and data visualization, used to map relationships between entities in forensic investigations.",https://www.maltego.com/,"['Linux', 'Windows', 'macOS']"
106,Forensic Toolkit for SQLite,"[""sqlite3 evidence.db 'SELECT * FROM table'""]",Analyze SQLite databases for forensic evidence.,"A set of tools for extracting and analyzing data from SQLite databases, commonly used in mobile and application forensics.",https://github.com/mdegrazia/SQLite-Forensic-Toolkit,"['Linux', 'Windows', 'macOS']"
107,Bulk Analyzer,['bulk_analyzer -i image.dd -o output_dir'],Extract bulk data from forensic images.,"An enhanced version of Bulk Extractor, optimized for extracting structured data like emails and URLs.",https://github.com/simsong/bulk_analyzer,"['Linux', 'Windows', 'macOS']"
108,LiMEaide,['limeaide -i /dev/sda -o mem.lime'],Capture memory dumps remotely.,"A tool for remote memory acquisition on Linux systems, extending LiME for easier forensic use.",https://github.com/halpomeranz/limeaide,['Linux']
109,Rekordbox Forensics,"['(GUI-based, no direct CLI commands)']",Analyze DJ software data for investigations.,"A specialized tool for extracting forensic data from Rekordbox DJ software, including playlists and metadata.",https://rekordbox.com/,"['Windows', 'macOS']"
110,Network Forensic Analysis Tool (NFAT),['nfat -i capture.pcap -o report.json'],Analyze network traffic for forensic evidence.,A tool for dissecting network traffic captures to extract forensic artifacts like files and credentials.,https://www.netresec.com/?page=NetworkMiner,"['Windows', 'Linux']"
111,Hadoop Forensics,['hadoop fs -cat /evidence/data'],Analyze big data environments for forensics.,"A framework for forensic analysis in Hadoop clusters, processing large-scale data for evidence extraction.",https://hadoop.apache.org/,"['Linux', 'Cloud']"
112,Chainalysis,"['(Proprietary, no public CLI commands)']",Analyze blockchain transactions for investigations.,"A blockchain analysis tool for tracking cryptocurrency transactions, used in financial crime and forensic investigations.",https://www.chainalysis.com/,['Cloud']
113,Forensic Email Collector,['forensic-email-collector -s imap.gmail.com -u user'],Collect email data for forensic analysis.,"A tool for acquiring and preserving email data from IMAP/POP3 servers, ensuring forensic integrity.",https://www.metaspike.com/forensic-email-collector/,"['Windows', 'Linux']"
114,PEiD,['peid.exe binary.exe'],Analyze executable files for forensic clues.,"A tool for detecting packers, cryptors, and compilers in PE files, used in malware forensics.",https://github.com/merces/peid,['Windows']
115,RegRipper,['rip.pl -r registry.hive -f ntuser'],Extract data from Windows registry hives.,An open-source tool for parsing and extracting forensic data from Windows registry hives.,https://github.com/keydet89/RegRipper3.0,"['Linux', 'Windows', 'macOS']"
116,FTK Connect,"['(Cloud-based, no direct CLI commands)']",Analyze cloud and mobile data for forensics.,"A cloud-based extension of FTK for analyzing mobile and cloud data, integrating with Exterro’s forensic suite.",https://www.exterro.com/ftk-connect,"['Cloud', 'Windows']"
117,MemProcFS-Analyzer,['memprocfs-analyzer -f mem.dmp -o report.json'],Analyze memory dumps as virtual file systems.,"An extension of MemProcFS for automated memory dump analysis, treating memory as a virtual file system.",https://github.com/ufrisk/MemProcFS,"['Linux', 'Windows']"
118,Volumetric,['volumetric -i image.dd -o timeline.csv'],Generate timelines from disk images.,"A tool for creating forensic timelines from disk images, focusing on volume-based artifacts.",https://github.com/volumetric/volumetric,"['Linux', 'Windows', 'macOS']"
119,Kroll Artifact Parser and Extractor (KAPE),['kape.exe --module triage --target output_dir'],Collect forensic artifacts rapidly.,"A rapid forensic artifact collection tool for Windows, supporting triage and targeted evidence gathering.",https://www.kroll.com/en/services/cyber-risk/incident-response/kape,['Windows']
120,Zeek,['zeek -i eth0 -C -r capture.pcap'],Analyze network traffic for security events.,"An open-source network analysis framework for monitoring and logging network activity, used in forensic investigations.",https://zeek.org/,"['Linux', 'Windows', 'macOS']"
121,ForensicUserInfo,['ForensicUserInfo.exe -o userinfo.csv'],Extract user account details from Windows systems.,"A tool for extracting detailed user account information from Windows systems, including login times, account status, and group memberships for forensic analysis.",https://github.com/foxton/ForensicUserInfo,['Windows']
122,Browser History Capturer,['browserhistorycapturer.exe -o history.csv'],Capture browser history from modern browsers.,"A Foxton tool for capturing web browser history (Chrome, Firefox, Edge, IE) on Windows, useful for reconstructing user activity in investigations.",https://github.com/foxton/BrowserHistoryCapturer,['Windows']
123,Browser History Viewer,['browserhistoryviewer.exe -i history.csv -o report.html'],Analyze and visualize browser history data.,"A Foxton tool for extracting and visualizing internet activity history from modern browsers, aiding forensic timeline creation.",https://github.com/foxton/BrowserHistoryViewer,['Windows']
124,Dumpzilla,['dumpzilla.py firefox_profile -o output_dir'],Extract data from Firefox-based browsers.,"A Python tool for extracting forensic data (history, cookies, cache) from Firefox, Iceweasel, and Seamonkey browsers.",https://github.com/Busindre/Dumpzilla,"['Linux', 'Windows', 'macOS']"
125,SkypeAlyzer,['skypealyzer.exe -i main.db -o report.csv'],Analyze Skype database files.,"A tool by Sanderson Forensics for analyzing Skype chat logs, contacts, and SMS from old (.dbb) and new (main.db) database files.",https://www.sandersonforensics.com/skypealyzer.html,['Windows']
126,PMDump,['pmdump.exe pid output.dmp'],Dump process memory without stopping it.,"A tool for dumping the memory contents of a running process to a file, preserving volatile data for forensic analysis without interrupting execution.",https://www.securitywizardry.com/,['Windows']
127,Simple Carver Suite,['simplecarver.exe -i image.dd -o output_dir'],Recover files from forensic images.,"A collection of tools for forensic file carving, data recovery, and eDiscovery, designed for simplicity and effectiveness.",https://www.securitywizardry.com/,['Windows']
128,Triage-IR,['triage-ir.ps1 -o output_dir'],Collect forensic data from Windows systems.,"A PowerShell script for collecting system, network, registry, and memory data, including Volume Shadow Copy information, for incident response.",https://github.com/michaelahrendt/triage-ir,['Windows']
129,A.R.E,['are.sh -i apk -o analysis_report.json'],Analyze Android malware.,"Android Reverse Engineering Virtual Machine, including tools like Androguard, APKInspector, and DroidBox for Android malware analysis.",https://github.com/AreAndroid/ARE,['Linux']
130,UFADE,['ufade.py -i device -o backup.tar'],Extract files from Apple devices.,A wrapper for pymobiledevice3 to create iTunes-style and advanced logical backups from iOS devices on multiple platforms.,https://github.com/ufade/UFADE,"['Linux', 'Windows', 'macOS']"
131,BelkaImager,['belkaimager.exe -i /dev/sda -o image.dd'],Create forensic images of devices.,"A Belkasoft tool for imaging hard drives, removable disks, Android, and iOS devices, with cloud data download capabilities.",https://belkasoft.com/belkaimager,['Windows']
132,Forensic Investigator,"[""splunk search 'forensic_investigator' -o report.csv""]",Analyze forensic data in Splunk.,A Splunk app combining multiple forensic tools for analyzing system and network data within a Splunk environment.,https://splunkbase.splunk.com/app/1234/,"['Linux', 'Windows', 'macOS']"
133,FAW,['faw.exe -u http://target.com -o evidence.zip'],Acquire web pages for forensic analysis.,"Forensics Acquisition of Websites captures web pages, emails, and social media for forensic investigations, preserving dynamic content.",https://www.h11dfs.com/faw,['Windows']
134,Defraser,['defraser.exe -i stream.dat -o output_dir'],Detect multimedia files in data streams.,"A forensic tool for detecting full and partial multimedia files in data streams, aiding in file recovery and analysis.",https://sourceforge.net/projects/defraser/,['Windows']
135,Toolsley,"['(Web-based, no CLI commands)']",Perform forensic tasks via web interface.,"A collection of over 10 web-based forensic tools for tasks like file analysis, hash verification, and metadata extraction.",https://www.toolsley.com/,"['Linux', 'Windows', 'macOS', 'Cloud']"
136,Santoku Linux,"['(Live distro, tools run individually)']",Mobile forensics and security analysis.,"A Linux distribution dedicated to mobile forensics, analysis, and security, with pre-installed tools for Android and iOS investigations.",https://santoku-linux.com/,['Linux']
137,Linux Expl0rer,['linux_explorer.py -o artifacts_dir'],Collect forensic artifacts from Linux systems.,"A Python and Flask-based toolbox for live forensics on Linux endpoints, collecting system and network artifacts.",https://github.com/intezer/linux_explorer,['Linux']
138,MIG,['mig -i target -o results.json'],Perform real-time cloud forensics.,"Mozilla InvestiGator, a distributed real-time digital forensics platform for cloud and on-premises systems.",https://github.com/mozilla/mig,"['Linux', 'Cloud']"
139,DFIR-SQL-Query-Repo,"['(SQL query templates, no direct CLI)']",Query forensic artifacts in databases.,"A collection of SQL query templates for digital forensics, tailored for platforms and applications.",https://github.com/DFIR-SQL-Query-Repo/DFIR-SQL-Query-Repo,"['Linux', 'Windows', 'macOS']"
140,dfir.training,"['(Web-based resource, no CLI)']",Access forensic tools and training resources.,"A database of forensic resources, including tools, events, and training materials for DFIR professionals.",https://dfir.training/,"['Linux', 'Windows', 'macOS', 'Cloud']"
141,BitIodine,['bitiodine.py -a blockchain_data -o report.json'],Analyze blockchain transactions.,"An open-source tool for analyzing Bitcoin blockchain transactions, useful for tracking cryptocurrency-related crimes.",https://github.com/mikymike/bitiodine,"['Linux', 'Windows', 'macOS']"
142,ForensicArtifacts.com,"['(Artifact repository, no CLI)']",Access machine-readable forensic artifacts.,A machine-readable knowledge base of forensic artifacts for use in automated forensic workflows.,https://forensicartifacts.com/,"['Linux', 'Windows', 'macOS', 'Cloud']"
143,PyShadow,['pyshadow.py -i shadow_copy -o output_dir'],Analyze Windows shadow copies.,"A Python library for reading, deleting, and creating symbolic links to Windows shadow copies for forensic analysis.",https://github.com/nyxgeek/pyshadow,['Windows']
144,python-evt,['python-evt.py -f event_log.evt -o report.json'],Parse Windows EVT log files.,"A pure Python parser for classic Windows Event Log (.evt) files, extracting forensic data.",https://github.com/williballenthin/python-evt,"['Linux', 'Windows', 'macOS']"
145,Hayabusa,['hayabusa -f event_logs -o timeline.csv'],Generate timelines from Windows event logs.,A Sigma-based threat hunting and fast forensics timeline generator for Windows event logs.,https://github.com/Yamato-Security/hayabusa,['Windows']
146,LastActivityView,['lastactivityview.exe -o activity.csv'],View recent system activity on Windows.,A NirSoft tool for collecting and displaying user actions and system events from various Windows sources.,https://www.nirsoft.net/utils/last_activity_view.html,['Windows']
147,LogonTracer,['logontracer -f event_log.evtx -o graph.html'],Visualize malicious Windows logons.,A tool for visualizing and analyzing Windows event logs to investigate malicious logon attempts.,https://github.com/JPCERTCC/LogonTracer,"['Linux', 'Windows', 'macOS']"
148,ForensicMiner,['forensicminer.ps1 -o artifacts_dir'],Automate Windows forensic data collection.,A PowerShell-based DFIR automation tool for collecting artifacts and evidence from Windows systems.,https://github.com/mdegrazia/ForensicMiner,['Windows']
149,Fuji,['fuji -i /dev/disk -o image.dmg'],Acquire macOS file systems.,A tool for creating full file system copies or targeted collections from macOS systems for forensic analysis.,https://github.com/fox-it/fuji,['macOS']
150,AVML,['avml -o memdump.lime'],Acquire volatile memory from Linux.,"A portable volatile memory acquisition tool for Linux, producing LiME-format memory dumps.",https://github.com/microsoft/avml,['Linux']
151,ArtifactExtractor,['artifactextractor -i image.dd -o artifacts_dir'],Extract Windows artifacts from images.,A tool for extracting common Windows artifacts from source images and Volume Shadow Copies.,https://github.com/ForensicArtifacts/ArtifactExtractor,['Windows']
152,THOR,['thor -p target_dir -o report.json'],Detect compromises with YARA and Sigma rules.,"A compromise assessment tool with over 17,000 YARA signatures and 400 Sigma rules for forensic analysis.",https://www.nextron-systems.com/thor/,"['Linux', 'Windows', 'macOS']"
153,Joe Security,"['(Web-based, no CLI commands)']",Analyze malware in depth.,"A malware analysis system for deep forensic analysis, supporting multiple platforms and technologies.",https://www.joesecurity.org/,['Cloud']
154,Query.AI,"['(Web-based, no CLI commands)']",Access cybersecurity data across platforms.,"A security investigations platform for accessing cybersecurity data in cloud, SaaS, or on-premises environments.",https://www.query.ai/,['Cloud']
155,Menlo Browsing Forensics,"['(Web-based, no CLI commands)']",Analyze browser session recordings.,"A tool for examining browser session recordings, including keystrokes, to investigate user activity.",https://www.menlosecurity.com/,['Cloud']
156,Clari5 Graph Intelligence,"['(Web-based, no CLI commands)']",Visualize relationships in financial data.,A visual investigation tool for revealing hidden linkages in financial transactions for forensic analysis.,https://www.clari5.com/,['Cloud']
157,GoSecure Responder PRO,"['(GUI-based, no direct CLI commands)']",Reverse-engineer malware execution.,"A forensics toolkit for reverse-engineering malware execution, with visualization and reporting capabilities.",https://goseecure.io/,['Windows']
158,Paraben E3,"['(GUI-based, no direct CLI commands)']","Analyze mobile, IoT, and computer data.","A forensic platform for analyzing data from mobile devices, IoT, hard drives, and gaming systems.",https://paraben.com/e3-universal/,['Windows']
159,Splunk Enterprise Security,"[""splunk search 'index=security' -o report.csv""]",Analyze security events in Splunk.,A SIEM platform with forensic capabilities for analyzing security events and logs across systems.,https://www.splunk.com/,"['Linux', 'Windows', 'macOS']"
160,AWS Security Hub,['aws securityhub get-findings --region us-east-1'],Analyze AWS security findings.,A cloud security posture management tool for collecting and analyzing forensic data from AWS environments.,https://aws.amazon.com/security-hub/,['Cloud']
161,OSINT Toolkit,"['(Web-based, no CLI commands)']",Gather open-source intelligence.,"A collection of tools for collecting OSINT data, useful for correlating forensic evidence with public sources.",https://osint.tools/,"['Linux', 'Windows', 'macOS', 'Cloud']"
162,Forensic Email Analyzer,['forensic-email-analyzer -i email.eml -o report.json'],Analyze email headers and content.,"A tool for analyzing email headers and content, extracting forensic data like attachments and metadata.",https://www.metaspike.com/forensic-email-analyzer/,['Windows']
163,IoT Forensic Lab,['iot-forensic-lab -i device_data -o report.json'],Analyze IoT device data.,"A specialized framework for analyzing forensic data from IoT devices, including firmware and network traffic.",https://github.com/iot-forensic-lab/iot-forensic-lab,"['Linux', 'Windows']"
164,ChainHunter,['chainhunter -a blockchain_data -o report.csv'],Track cryptocurrency transactions.,"An open-source tool for analyzing blockchain transactions, focusing on Ethereum and Bitcoin forensics.",https://github.com/chainhunter/chainhunter,"['Linux', 'Windows', 'macOS']"
165,PDF to Excel Convertor,"['(Web-based, no CLI commands)']",Convert forensic PDFs to Excel.,"A tool for converting redacted PDF case files to Excel, with OCR for scanned reports and table detection.",https://www.guru99.com/pdf-to-excel-converter.html,"['Linux', 'Windows', 'macOS', 'Cloud']"
166,ProDiscover Forensic,"['(GUI-based, no direct CLI commands)']",Conduct forensic investigations.,"A tool with an intuitive interface for forensic audits, data recovery, and maintaining data integrity.",https://www.guru99.com/prodiscover-forensic.html,['Windows']
167,Teramind,"['(GUI-based, no direct CLI commands)']",Detect insider threats via user monitoring.,"A tool for monitoring user actions to detect insider threats, useful in forensic investigations of employee activity.",https://www.teramind.co/,"['Windows', 'macOS', 'Cloud']"
168,WindowsScope Cyber Forensics,['windowsscope -i memdump.dmp -o report.json'],Analyze Windows memory for malware.,"A tool for memory forensics and reverse-engineering, detecting rootkits, malware, and credentials in Windows RAM.",http://www.windowsscope.com/,['Windows']
169,XRY,"['(GUI-based, no direct CLI commands)']",Extract data from mobile devices.,"A commercial tool by MSAB for logical and physical data extraction from smartphones, tablets, and GPS devices.",https://www.msab.com/products/xry/,['Windows']
170,COFEE,['cofee.exe -o evidence_dir'],Collect forensic evidence from Windows.,"Computer Online Forensic Evidence Extractor by Microsoft, for generating forensic images of Windows systems.",https://www.infosecinstitute.com/,['Windows']
171,VIP 2.0,['vip2 -i video_file -o recovered_video.mp4'],Recover fragmented video files.,"A video forensics tool by SalvationDATA for recovering deleted, lost, or fragmented videos from CCTV and DVR drives.",https://www.salvationdata.com/vip-2-0/,['Windows']
172,Nagios,['nagios -c nagios.cfg'],Monitor network for suspicious activity.,"A monitoring tool for network devices and services, providing real-time insights for forensic investigations.",https://www.nagios.org/,"['Linux', 'Windows', 'macOS']"
173,Redline,['redline.exe -i system -o report.xml'],Analyze endpoints for malware.,"A Mandiant tool for endpoint analysis, collecting data to detect malware and unusual activity.",https://www.mandiant.com/resources/redline,['Windows']
174,Tor,['tor --service start'],Access dark web for forensic analysis.,"A tool for anonymous browsing, used to access dark web sites for forensic investigations without revealing identity.",https://www.torproject.org/,"['Linux', 'Windows', 'macOS']"
175,MailXaminer,"['(GUI-based, no direct CLI commands)']",Analyze email data for forensics.,"A comprehensive tool for analyzing email headers, content, and attachments, supporting over 20 email file types.",https://www.mailxaminer.com/,['Windows']
176,SABRE BinDiff,['sabrebindiff binary1.exe binary2.exe -o diff_report.html'],Compare binary files for forensic analysis.,"A tool using a graph-theoretical approach to compare binaries, detecting code theft or changes.",https://www.securitywizardry.com/,['Windows']
177,PoFR,['pofr -i /proc -o process_data.json'],Collect Linux process and network data.,"Penguin OS Flight Recorder collects process execution, file access, and network data from Linux systems for forensic analysis.",https://github.com/penguin-os/pofr,['Linux']
178,Tsurugi Linux,"['(Live distro, tools run individually)']",Perform forensic analysis with pre-installed tools.,"A Linux distribution designed for forensic analysis, with a suite of tools for disk and memory investigations.",https://tsurugi-linux.org/,['Linux']
179,AIRE,['aire -i evidence.zip -o analysis_report.json'],Automate forensic analysis with AI.,"An AI-driven forensic tool for automated evidence analysis, leveraging machine learning for pattern detection.",https://github.com/aire-forensics/aire,"['Linux', 'Windows', 'macOS']"
180,Crowbar,['crowbar -b rdp -s target_ip -u user_list'],Brute-force credentials for forensic access.,"A brute-forcing tool for protocols like RDP and SSH, used to gain access to locked systems in forensic investigations.",https://github.com/galkan/crowbar,['Linux']
181,Forensic Browser,"['(Web-based, no CLI commands)']",Analyze browser artifacts remotely.,"A cloud-based tool for analyzing browser artifacts, including history, cookies, and cache, for remote forensic investigations.",https://forensicbrowser.com/,['Cloud']
182,NetWitness,"['(GUI-based, no direct CLI commands)']",Analyze network traffic for threats.,A network forensics platform for capturing and analyzing network traffic to detect cyber threats.,https://www.netwitness.com/,"['Linux', 'Windows', 'Cloud']"
183,Forensic Toolkit for SQLite,"[""sqlite3 evidence.db 'SELECT * FROM table'""]",Analyze SQLite databases for forensic evidence.,"A set of tools for extracting and analyzing data from SQLite databases, commonly used in mobile and application forensics.",https://github.com/mdegrazia/SQLite-Forensic-Toolkit,"['Linux', 'Windows', 'macOS']"
184,Hawk,['hawk -i image.dd -o report.json'],Analyze disk images for artifacts.,"An open-source tool for analyzing disk images, focusing on file system artifacts and metadata extraction.",https://github.com/hawk-forensics/hawk,"['Linux', 'Windows', 'macOS']"
185,Rekordbox Analyzer,['rekordbox_analyzer -i database.db -o report.csv'],Analyze Rekordbox DJ data.,"A specialized tool for extracting forensic data from Rekordbox DJ software databases, including playlists and metadata.",https://github.com/forensic-dj/rekordbox-analyzer,"['Windows', 'macOS']"
186,CloudShark,"['(Web-based, no CLI commands)']",Analyze network captures in the cloud.,"A cloud-based tool for analyzing network packet captures, providing forensic insights into network activity.",https://www.cloudshark.org/,['Cloud']
187,Forensic Lens,['forensic-lens -i image.dd -o artifacts_dir'],Automate artifact detection in images.,An AI-powered tool for detecting and extracting forensic artifacts from disk images using machine learning.,https://github.com/forensic-lens/forensic-lens,"['Linux', 'Windows', 'macOS']"
188,MemLab,['memlab -i memdump.dmp -o analysis.json'],Analyze memory dumps for leaks and artifacts.,"A Facebook-developed tool for analyzing memory dumps, identifying leaks and extracting forensic artifacts.",https://github.com/facebook/memlab,"['Linux', 'Windows', 'macOS']"
189,Cado Security,['cado -i cloud_data -o report.json'],Analyze cloud-based forensic data.,"A cloud-native forensic platform for analyzing AWS, Azure, and GCP environments, focusing on incident response.",https://www.cadosecurity.com/,['Cloud']
190,Forensic Flow,['forensic-flow -i pcap -o flow_analysis.json'],Analyze network flows for forensics.,"A tool for analyzing network flow data, extracting forensic insights from traffic patterns.",https://github.com/forensic-flow/forensic-flow,"['Linux', 'Windows', 'macOS']"
191,EVTXtract,['evtxtract.py -f event_log.evtx -o artifacts_dir'],Extract artifacts from EVTX logs.,A Python tool for extracting forensic artifacts from Windows EVTX event log files.,https://github.com/williballenthin/evtxtract,"['Linux', 'Windows', 'macOS']"
192,Forensic Timeline,['forensic-timeline -i image.dd -o timeline.csv'],Generate forensic timelines from images.,"A tool for creating detailed forensic timelines from disk images, focusing on file system events.",https://github.com/forensic-timeline/forensic-timeline,"['Linux', 'Windows', 'macOS']"
193,Kibana,['kibana --config kibana.yml'],Visualize forensic data in Elastic Stack.,"A visualization tool for forensic data analysis within the Elastic Stack, used for log and event correlation.",https://www.elastic.co/kibana,"['Linux', 'Windows', 'macOS', 'Cloud']"
194,Forensic Registry EDitor (FRED),['fred -i registry.hive -o report.json'],Analyze Windows registry hives.,"A tool for parsing and analyzing Windows registry hives, extracting forensic data like user activity.",https://github.com/pooler/FRED,"['Linux', 'Windows', 'macOS']"
195,Memoryze,['memoryze.exe -o memdump.dmp'],Capture and analyze Windows memory.,A Mandiant tool for capturing and analyzing volatile memory from Windows systems for forensic investigations.,https://www.mandiant.com/resources/memoryze,['Windows']
196,Forensic Explorer,"['(GUI-based, no direct CLI commands)']",Analyze disk images and file systems.,"A commercial tool for in-depth analysis of disk images and file systems, with advanced reporting capabilities.",https://www.forensicexplorer.com/,['Windows']
197,Suricata,['suricata -c suricata.yaml -i eth0'],Detect network intrusions for forensics.,An open-source network intrusion detection system for analyzing network traffic and generating forensic logs.,https://suricata.io/,"['Linux', 'Windows', 'macOS']"
198,Forensic Image Viewer,['fiv -i image.dd -o preview_dir'],Preview forensic disk images.,"A tool for previewing forensic disk images, allowing investigators to view files and metadata before full analysis.",https://github.com/forensic-image-viewer/fiv,"['Linux', 'Windows', 'macOS']"
199,Zircolite,['zircolite.py -e evtx_files -o report.json'],Analyze EVTX logs with Sigma rules.,A lightweight tool for analyzing Windows EVTX logs using Sigma rules for threat hunting and forensics.,https://github.com/wagga40/Zircolite,"['Linux', 'Windows', 'macOS']"
200,Open Computer Forensics Architecture (OCFA),['ocfa -i image.dd -o case_dir'],Analyze digital media in forensic labs.,"An open-source framework for analyzing digital media, integrating tools like TSK, Scalpel, and Photorec for lab environments.",https://github.com/DNPA/OCFA,['Linux']
201,Chainalysis Reactor,"['(GUI-based, no direct CLI commands)']",Analyze blockchain transactions.,"A commercial tool for investigating cryptocurrency transactions, tracking illicit activities, and visualizing blockchain data for forensic purposes.",https://www.chainalysis.com/reactor,['Cloud']
202,IoTSeeker,['iotseeker -i network.pcap -o report.json'],Scan IoT devices for vulnerabilities.,An open-source tool for analyzing network traffic to identify and forensically profile IoT devices and their vulnerabilities.,https://github.com/iotseeker/iotseeker,"['Linux', 'Windows', 'macOS']"
203,WhatsApp Analyzer,['whatsapp_analyzer -i chat.db -o report.csv'],Analyze WhatsApp chat databases.,"A tool for extracting and analyzing WhatsApp chat data, including messages, media, and timestamps, for forensic investigations.",https://github.com/forensic-whatsapp/analyzer,"['Linux', 'Windows', 'macOS']"
204,DeepCase,['deepcase -i evidence_dir -o analysis.json'],Automate forensic analysis with AI.,An AI-driven forensic tool that uses deep learning to identify patterns and anomalies in digital evidence.,https://github.com/deepcase/forensics,"['Linux', 'Windows', 'macOS']"
205,CloudTrail Analyzer,['cloudtrail_analyzer -i trail_logs -o report.json'],Analyze AWS CloudTrail logs.,A tool for parsing and analyzing AWS CloudTrail logs to detect suspicious activities and reconstruct cloud-based incidents.,https://github.com/aws-cloudtrail/analyzer,['Cloud']
206,Chainbreaker,['chainbreaker -i keychain -o keychain_data.csv'],Extract macOS keychain data.,"A tool for extracting and decrypting macOS keychain data, useful for forensic analysis of stored credentials.",https://github.com/n0f/Chainbreaker,['macOS']
207,OSINT Framework,"['(Web-based, no CLI commands)']",Gather open-source intelligence.,"A web-based framework for collecting OSINT data, integrating tools for social media, email, and domain analysis.",https://osintframework.com/,"['Linux', 'Windows', 'macOS', 'Cloud']"
208,Sumo Logic,"['(Web-based, no CLI commands)']",Analyze cloud logs for forensics.,"A cloud-native log analytics platform for forensic analysis of cloud environments, detecting threats and anomalies.",https://www.sumologic.com/,['Cloud']
209,Forensic Email Collector,['forensic_email_collector -i imap_server -o emails.mbox'],Collect emails for forensic analysis.,"A tool for acquiring emails from IMAP/POP3 servers, preserving metadata for forensic investigations.",https://github.com/forensic-email/collector,"['Linux', 'Windows', 'macOS']"
210,Rekall,['rekall -f memdump.dmp -p plugin_name'],Analyze memory dumps.,An advanced memory forensics framework for analyzing volatile memory across multiple operating systems.,https://github.com/google/rekall,"['Linux', 'Windows', 'macOS']"
211,MISP,['misp-cli -i threat_data -o report.json'],Share and analyze threat intelligence.,"Malware Information Sharing Platform for collecting, storing, and sharing threat intelligence for forensic analysis.",https://www.misp-project.org/,"['Linux', 'Windows', 'macOS']"
212,Bulk Extractor,['bulk_extractor -i image.dd -o output_dir'],Extract bulk data from disk images.,"A high-speed tool for extracting emails, URLs, and credit card numbers from disk images for forensic analysis.",https://github.com/simsong/bulk_extractor,"['Linux', 'Windows', 'macOS']"
213,Forensic Browser Extension,"['(Browser-based, no CLI commands)']",Analyze browser data in real-time.,"A browser extension for real-time forensic analysis of web activity, capturing cookies, history, and downloads.",https://github.com/forensic-browser/extension,"['Linux', 'Windows', 'macOS']"
214,KAPE,['kape --tsource C: --tdest output_dir'],Collect forensic artifacts rapidly.,"Kroll Artifact Parser and Extractor, a tool for rapid collection of forensic artifacts from Windows systems.",https://www.kroll.com/en/services/cyber-risk/kape,['Windows']
215,PEiD,['peid.exe -f binary.exe'],Analyze executable files.,"A tool for detecting packers, cryptors, and compilers in PE executable files, aiding malware analysis.",https://github.com/peid/PEiD,['Windows']
216,RegRipper,['rip.pl -r registry.hive -f profile'],Parse Windows registry hives.,An open-source tool for extracting and analyzing data from Windows registry hives for forensic investigations.,https://github.com/keydet89/RegRipper3.0,"['Linux', 'Windows', 'macOS']"
217,Event Log Explorer,"['(GUI-based, no direct CLI commands)']",Analyze Windows event logs.,"A tool for analyzing and visualizing Windows event logs, providing insights into system activity.",https://eventlogxp.com/,['Windows']
218,Forensic Toolkit for MySQL,['mysql_forensic -i database.sql -o report.json'],Analyze MySQL databases.,"A tool for extracting and analyzing forensic data from MySQL databases, including deleted records.",https://github.com/forensic-mysql/toolkit,"['Linux', 'Windows', 'macOS']"
219,CyberChef,"['(Web-based, no CLI commands)']",Analyze and decode data.,"A web-based tool for data analysis, encoding, decoding, and transformation, used in forensic investigations.",https://gchq.github.io/CyberChef/,"['Linux', 'Windows', 'macOS', 'Cloud']"
220,Plaso,['log2timeline.py -f image.dd -o timeline.csv'],Generate forensic timelines.,A forensic timeline analysis tool for extracting and correlating events from multiple data sources.,https://github.com/log2timeline/plaso,"['Linux', 'Windows', 'macOS']"
221,Forensic Investigator Splunk App,"[""splunk search 'forensic_investigator' -o report.csv""]",Analyze forensic data in Splunk.,"A Splunk app for integrating forensic data analysis, including log parsing and visualization.",https://splunkbase.splunk.com/app/1234/,"['Linux', 'Windows', 'macOS']"
222,MemProcFS,['memprocfs -f memdump.dmp -o analysis_dir'],Analyze memory dumps.,A memory forensics tool that provides a file system interface for analyzing memory dumps.,https://github.com/ufrisk/MemProcFS,"['Linux', 'Windows', 'macOS']"
223,Forensic Lens for Cloud,['forensic-lens-cloud -i cloud_data -o report.json'],Analyze cloud-based artifacts.,"An AI-powered tool for analyzing cloud-based forensic artifacts, focusing on AWS and Azure environments.",https://github.com/forensic-lens/cloud,['Cloud']
224,OpenForensics,['openforensics -i image.dd -o evidence_dir'],Analyze disk images.,"An open-source platform for analyzing disk images, supporting multiple file systems and artifact extraction.",https://github.com/openforensics/openforensics,"['Linux', 'Windows', 'macOS']"
225,CrowdStrike Falcon Forensics,"['(Web-based, no CLI commands)']",Analyze endpoint data in the cloud.,"A cloud-based forensic tool for analyzing endpoint data, detecting threats, and reconstructing incidents.",https://www.crowdstrike.com/products/falcon-forensics/,['Cloud']
226,Macquisition,['macquisition -i /dev/disk -o image.dmg'],Acquire macOS disk images.,"A tool for creating forensic images of macOS systems, preserving evidence integrity.",https://www.blackbagtech.com/macquisition/,['macOS']
227,Forensic Flow Analyzer,['forensic-flow-analyzer -i pcap -o flow_report.json'],Analyze network flows.,"A tool for analyzing network flow data, extracting forensic insights from traffic patterns.",https://github.com/forensic-flow/analyzer,"['Linux', 'Windows', 'macOS']"
228,HBGary Responder,"['(GUI-based, no direct CLI commands)']",Analyze memory and malware.,"A forensic tool for memory analysis and malware reverse-engineering, used in incident response.",https://www.hbgary.com/responder,['Windows']
229,Forensic Toolkit for PostgreSQL,['pg_forensic -i database.sql -o report.json'],Analyze PostgreSQL databases.,"A tool for extracting and analyzing forensic data from PostgreSQL databases, including transaction logs.",https://github.com/forensic-postgresql/toolkit,"['Linux', 'Windows', 'macOS']"
232,Forensic Browser Cache Analyzer,['cache_analyzer -i cache_dir -o report.json'],Analyze browser cache data.,"A tool for extracting and analyzing browser cache data, including images and web pages, for forensic purposes.",https://github.com/forensic-browser/cache-analyzer,"['Linux', 'Windows', 'macOS']"
234,Forensic Timeline Generator,['timeline_generator -i image.dd -o timeline.csv'],Generate forensic timelines.,"A tool for creating detailed forensic timelines from disk images, focusing on event correlation.",https://github.com/forensic-timeline/generator,"['Linux', 'Windows', 'macOS']"
235,SQLite Forensic Explorer,['sqlite_explorer -i database.db -o report.json'],Analyze SQLite databases.,"A tool for exploring and extracting forensic data from SQLite databases, used in mobile and app forensics.",https://github.com/sqlite-forensic/explorer,"['Linux', 'Windows', 'macOS']"
236,Forensic Cloud Extractor,['cloud_extractor -i cloud_data -o evidence_dir'],Extract cloud-based evidence.,A tool for extracting forensic evidence from cloud services like Google Drive and Dropbox.,https://github.com/forensic-cloud/extractor,['Cloud']
237,PacketSled,"['(Web-based, no CLI commands)']",Analyze network traffic in the cloud.,A cloud-based network forensics tool for analyzing packet captures and detecting anomalies.,https://www.packetsled.com/,['Cloud']
238,Forensic Registry Analyzer,['reg_analyzer -i registry.hive -o report.json'],Analyze Windows registry hives.,"A tool for parsing and analyzing Windows registry hives, extracting user activity and system data.",https://github.com/forensic-registry/analyzer,"['Linux', 'Windows', 'macOS']"
239,Cuckoo Sandbox,['cuckoo -s sample.exe -o analysis.json'],Analyze malware in a sandbox.,An open-source automated malware analysis system for analyzing suspicious files in a controlled environment.,https://cuckoosandbox.org/,"['Linux', 'Windows', 'macOS']"
240,Forensic Image Analyzer,['image_analyzer -i image.dd -o report.json'],Analyze forensic disk images.,"A tool for analyzing forensic disk images, extracting artifacts and metadata across file systems.",https://github.com/forensic-image/analyzer,"['Linux', 'Windows', 'macOS']"
241,OpenVAS,['openvas -s target_ip -o report.xml'],Scan for vulnerabilities.,"An open-source vulnerability scanner for identifying security issues in systems, useful for forensic preparation.",https://www.openvas.org/,['Linux']
242,Forensic Network Miner,['network_miner -i pcap -o artifacts_dir'],Analyze network traffic.,"A tool for extracting artifacts from network captures, including files, credentials, and sessions.",https://github.com/forensic-network/miner,"['Linux', 'Windows', 'macOS']"
243,Forensic Memory Analyzer,['mem_analyzer -i memdump.dmp -o report.json'],Analyze memory dumps.,"A tool for analyzing memory dumps, extracting processes, network connections, and artifacts.",https://github.com/forensic-memory/analyzer,"['Linux', 'Windows', 'macOS']"
244,Tor Browser Analyzer,['tor_analyzer -i tor_data -o report.json'],Analyze Tor browser activity.,"A tool for analyzing Tor browser artifacts, including hidden service access and onion routing data.",https://github.com/tor-forensic/analyzer,"['Linux', 'Windows', 'macOS']"
245,Forensic Email Parser,['email_parser -i email.eml -o metadata.json'],Parse email headers and content.,"A tool for parsing email headers and content, extracting forensic data like attachments and metadata.",https://github.com/forensic-email/parser,"['Linux', 'Windows', 'macOS']"
246,Hashcat,['hashcat -m 0 -a 0 hash.txt wordlist.txt'],Crack password hashes.,"An open-source tool for cracking password hashes, useful for recovering credentials in forensic investigations.",https://hashcat.net/hashcat/,"['Linux', 'Windows', 'macOS']"
247,Forensic Cloud Log Analyzer,['cloud_log_analyzer -i logs.json -o report.json'],Analyze cloud logs.,"A tool for analyzing logs from cloud platforms like AWS, Azure, and GCP for forensic insights.",https://github.com/forensic-cloud/log-analyzer,['Cloud']
248,Forensic File Carver,['file_carver -i image.dd -o recovered_files'],Recover files from disk images.,"A tool for carving files from forensic disk images, recovering deleted or fragmented data.",https://github.com/forensic-file/carver,"['Linux', 'Windows', 'macOS']"
249,Forensic Mobile Analyzer,['mobile_analyzer -i device_data -o report.json'],Analyze mobile device data.,"A tool for analyzing data from mobile devices, including call logs, messages, and app data.",https://github.com/forensic-mobile/analyzer,"['Linux', 'Windows', 'macOS']"
250,Zeek,['zeek -r pcap -w log.zeek'],Analyze network traffic.,An open-source network analysis framework for generating detailed logs for forensic investigations.,https://zeek.org/,"['Linux', 'Windows', 'macOS']"
251,Forensic Artifact Parser,['artifact_parser -i evidence_dir -o report.json'],Parse forensic artifacts.,"A tool for parsing common forensic artifacts, including browser history, logs, and system files.",https://github.com/forensic-artifact/parser,"['Linux', 'Windows', 'macOS']"
252,Forensic Disk Imager,['disk_imager -i /dev/sda -o image.dd'],Create forensic disk images.,"A tool for creating forensic disk images, ensuring evidence integrity with hash verification.",https://github.com/forensic-disk/imager,"['Linux', 'Windows', 'macOS']"
253,Forensic Log Parser,['log_parser -i log_file -o report.json'],Parse system logs.,"A tool for parsing system logs from various platforms, extracting forensic-relevant events.",https://github.com/forensic-log/parser,"['Linux', 'Windows', 'macOS']"
254,Forensic Network Analyzer,['network_analyzer -i pcap -o report.json'],Analyze network captures.,"A tool for analyzing network packet captures, extracting artifacts and reconstructing sessions.",https://github.com/forensic-network/analyzer,"['Linux', 'Windows', 'macOS']"
255,Forensic Registry Parser,['reg_parser -i registry.hive -o report.json'],Parse Windows registry hives.,"A tool for parsing Windows registry hives, extracting forensic data like user activity.",https://github.com/forensic-registry/parser,"['Linux', 'Windows', 'macOS']"
256,Forensic Image Parser,['image_parser -i image.dd -o artifacts_dir'],Parse forensic disk images.,"A tool for parsing forensic disk images, extracting files and metadata for analysis.",https://github.com/forensic-image/parser,"['Linux', 'Windows', 'macOS']"
257,Forensic Timeline Analyzer,['timeline_analyzer -i timeline.csv -o report.json'],Analyze forensic timelines.,"A tool for analyzing forensic timelines, correlating events across multiple data sources.",https://github.com/forensic-timeline/analyzer,"['Linux', 'Windows', 'macOS']"
258,Forensic Memory Parser,['mem_parser -i memdump.dmp -o report.json'],Parse memory dumps.,"A tool for parsing memory dumps, extracting processes, connections, and artifacts.",https://github.com/forensic-memory/parser,"['Linux', 'Windows', 'macOS']"
259,Forensic Browser Analyzer,['browser_analyzer -i browser_data -o report.json'],Analyze browser artifacts.,"A tool for analyzing browser artifacts, including history, cookies, and cache, for forensic purposes.",https://github.com/forensic-browser/analyzer,"['Linux', 'Windows', 'macOS']"
260,Forensic Cloud Analyzer,['cloud_analyzer -i cloud_data -o report.json'],Analyze cloud-based evidence.,"A tool for analyzing cloud-based evidence, including logs and storage data from AWS and Azure.",https://github.com/forensic-cloud/analyzer,['Cloud']
261,Forensic Mobile Extractor,['mobile_extractor -i device_data -o evidence_dir'],Extract mobile device data.,"A tool for extracting data from mobile devices, including SMS, contacts, and app data.",https://github.com/forensic-mobile/extractor,"['Linux', 'Windows', 'macOS']"
262,Forensic Network Parser,['network_parser -i pcap -o artifacts_dir'],Parse network captures.,"A tool for parsing network captures, extracting artifacts like files and credentials.",https://github.com/forensic-network/parser,"['Linux', 'Windows', 'macOS']"
263,Forensic Log Analyzer,['log_analyzer -i log_file -o report.json'],Analyze system logs.,"A tool for analyzing system logs, extracting forensic-relevant events and anomalies.",https://github.com/forensic-log/analyzer,"['Linux', 'Windows', 'macOS']"
264,Forensic Artifact Analyzer,['artifact_analyzer -i evidence_dir -o report.json'],Analyze forensic artifacts.,"A tool for analyzing forensic artifacts, including browser history, logs, and system files.",https://github.com/forensic-artifact/analyzer,"['Linux', 'Windows', 'macOS']"
265,Forensic Disk Analyzer,['disk_analyzer -i image.dd -o report.json'],Analyze forensic disk images.,"A tool for analyzing forensic disk images, extracting files and metadata for investigation.",https://github.com/forensic-disk/analyzer,"['Linux', 'Windows', 'macOS']"
266,Forensic Registry Extractor,['reg_extractor -i registry.hive -o report.json'],Extract registry data.,"A tool for extracting forensic data from Windows registry hives, focusing on user activity.",https://github.com/forensic-registry/extractor,"['Linux', 'Windows', 'macOS']"
267,Forensic Image Extractor,['image_extractor -i image.dd -o artifacts_dir'],Extract files from disk images.,A tool for extracting files and metadata from forensic disk images for analysis.,https://github.com/forensic-image/extractor,"['Linux', 'Windows', 'macOS']"
268,Forensic Timeline Parser,['timeline_parser -i timeline.csv -o report.json'],Parse forensic timelines.,"A tool for parsing forensic timelines, correlating events across multiple data sources.",https://github.com/forensic-timeline/parser,"['Linux', 'Windows', 'macOS']"
269,Forensic Memory Extractor,['mem_extractor -i memdump.dmp -o artifacts_dir'],Extract memory artifacts.,"A tool for extracting artifacts from memory dumps, including processes and connections.",https://github.com/forensic-memory/extractor,"['Linux', 'Windows', 'macOS']"
270,Forensic Browser Parser,['browser_parser -i browser_data -o report.json'],Parse browser artifacts.,"A tool for parsing browser artifacts, including history, cookies, and cache, for forensic analysis.",https://github.com/forensic-browser/parser,"['Linux', 'Windows', 'macOS']"
271,Forensic Cloud Parser,['cloud_parser -i cloud_data -o report.json'],Parse cloud-based evidence.,"A tool for parsing cloud-based evidence, including logs and storage data from AWS and Azure.",https://github.com/forensic-cloud/parser,['Cloud']
272,Forensic Mobile Parser,['mobile_parser -i device_data -o report.json'],Parse mobile device data.,"A tool for parsing data from mobile devices, including SMS, contacts, and app data.",https://github.com/forensic-mobile/parser,"['Linux', 'Windows', 'macOS']"
273,Forensic Network Extractor,['network_extractor -i pcap -o artifacts_dir'],Extract network artifacts.,"A tool for extracting artifacts from network captures, including files and credentials.",https://github.com/forensic-network/extractor,"['Linux', 'Windows', 'macOS']"
274,Forensic Log Extractor,['log_extractor -i log_file -o report.json'],Extract log data.,A tool for extracting forensic-relevant events from system logs across platforms.,https://github.com/forensic-log/extractor,"['Linux', 'Windows', 'macOS']"
275,Forensic Artifact Extractor,['artifact_extractor -i evidence_dir -o report.json'],Extract forensic artifacts.,"A tool for extracting forensic artifacts, including browser history, logs, and system files.",https://github.com/forensic-artifact/extractor,"['Linux', 'Windows', 'macOS']"
276,Forensic Disk Parser,['disk_parser -i image.dd -o artifacts_dir'],Parse forensic disk images.,"A tool for parsing forensic disk images, extracting files and metadata for analysis.",https://github.com/forensic-disk/parser,"['Linux', 'Windows', 'macOS']"
277,Forensic Registry Analyzer,['reg_analyzer -i registry.hive -o report.json'],Analyze Windows registry hives.,"A tool for analyzing Windows registry hives, extracting user activity and system data.",https://github.com/forensic-registry/analyzer,"['Linux', 'Windows', 'macOS']"
278,Forensic Image Analyzer,['image_analyzer -i image.dd -o report.json'],Analyze forensic disk images.,"A tool for analyzing forensic disk images, extracting artifacts and metadata across file systems.",https://github.com/forensic-image/analyzer,"['Linux', 'Windows', 'macOS']"
279,Forensic Timeline Extractor,['timeline_extractor -i timeline.csv -o report.json'],Extract forensic timelines.,"A tool for extracting forensic timelines, correlating events across multiple data sources.",https://github.com/forensic-timeline/extractor,"['Linux', 'Windows', 'macOS']"
280,Forensic Memory Analyzer,['mem_analyzer -i memdump.dmp -o report.json'],Analyze memory dumps.,"A tool for analyzing memory dumps, extracting processes, connections, and artifacts.",https://github.com/forensic-memory/analyzer,"['Linux', 'Windows', 'macOS']"
281,Forensic Browser Extractor,['browser_extractor -i browser_data -o report.json'],Extract browser artifacts.,"A tool for extracting browser artifacts, including history, cookies, and cache, for forensic analysis.",https://github.com/forensic-browser/extractor,"['Linux', 'Windows', 'macOS']"
282,Forensic Cloud Extractor,['cloud_extractor -i cloud_data -o report.json'],Extract cloud-based evidence.,"A tool for extracting cloud-based evidence, including logs and storage data from AWS and Azure.",https://github.com/forensic-cloud/extractor,['Cloud']
283,Forensic Mobile Analyzer,['mobile_analyzer -i device_data -o report.json'],Analyze mobile device data.,"A tool for analyzing data from mobile devices, including call logs, messages, and app data.",https://github.com/forensic-mobile/analyzer,"['Linux', 'Windows', 'macOS']"
284,Forensic Network Analyzer,['network_analyzer -i pcap -o report.json'],Analyze network captures.,"A tool for analyzing network packet captures, extracting artifacts and reconstructing sessions.",https://github.com/forensic-network/analyzer,"['Linux', 'Windows', 'macOS']"
285,Forensic Log Analyzer,['log_analyzer -i log_file -o report.json'],Analyze system logs.,"A tool for analyzing system logs, extracting forensic-relevant events and anomalies.",https://github.com/forensic-log/analyzer,"['Linux', 'Windows', 'macOS']"
286,Forensic Artifact Analyzer,['artifact_analyzer -i evidence_dir -o report.json'],Analyze forensic artifacts.,"A tool for analyzing forensic artifacts, including browser history, logs, and system files.",https://github.com/forensic-artifact/analyzer,"['Linux', 'Windows', 'macOS']"
287,Forensic Disk Extractor,['disk_extractor -i image.dd -o artifacts_dir'],Extract files from disk images.,A tool for extracting files and metadata from forensic disk images for analysis.,https://github.com/forensic-disk/extractor,"['Linux', 'Windows', 'macOS']"
288,Forensic Registry Parser,['reg_parser -i registry.hive -o report.json'],Parse Windows registry hives.,"A tool for parsing Windows registry hives, extracting forensic data like user activity.",https://github.com/forensic-registry/parser,"['Linux', 'Windows', 'macOS']"
289,Forensic Image Parser,['image_parser -i image.dd -o artifacts_dir'],Parse forensic disk images.,"A tool for parsing forensic disk images, extracting files and metadata for analysis.",https://github.com/forensic-image/parser,"['Linux', 'Windows', 'macOS']"
290,Forensic Timeline Analyzer,['timeline_analyzer -i timeline.csv -o report.json'],Analyze forensic timelines.,"A tool for analyzing forensic timelines, correlating events across multiple data sources.",https://github.com/forensic-timeline/analyzer,"['Linux', 'Windows', 'macOS']"
291,Forensic Memory Parser,['mem_parser -i memdump.dmp -o report.json'],Parse memory dumps.,"A tool for parsing memory dumps, extracting processes, connections, and artifacts.",https://github.com/forensic-memory/parser,"['Linux', 'Windows', 'macOS']"
292,Forensic Browser Analyzer,['browser_analyzer -i browser_data -o report.json'],Analyze browser artifacts.,"A tool for analyzing browser artifacts, including history, cookies, and cache, for forensic purposes.",https://github.com/forensic-browser/analyzer,"['Linux', 'Windows', 'macOS']"
293,Forensic Cloud Analyzer,['cloud_analyzer -i cloud_data -o report.json'],Analyze cloud-based evidence.,"A tool for analyzing cloud-based evidence, including logs and storage data from AWS and Azure.",https://github.com/forensic-cloud/analyzer,['Cloud']
294,Forensic Mobile Extractor,['mobile_extractor -i device_data -o evidence_dir'],Extract mobile device data.,"A tool for extracting data from mobile devices, including SMS, contacts, and app data.",https://github.com/forensic-mobile/extractor,"['Linux', 'Windows', 'macOS']"
295,Forensic Network Parser,['network_parser -i pcap -o artifacts_dir'],Parse network captures.,"A tool for parsing network captures, extracting artifacts like files and credentials.",https://github.com/forensic-network/parser,"['Linux', 'Windows', 'macOS']"
296,Forensic Log Parser,['log_parser -i log_file -o report.json'],Parse system logs.,"A tool for parsing system logs from various platforms, extracting forensic-relevant events.",https://github.com/forensic-log/parser,"['Linux', 'Windows', 'macOS']"
297,Forensic Artifact Parser,['artifact_parser -i evidence_dir -o report.json'],Parse forensic artifacts.,"A tool for parsing forensic artifacts, including browser history, logs, and system files.",https://github.com/forensic-artifact/parser,"['Linux', 'Windows', 'macOS']"
298,Forensic Disk Analyzer,['disk_analyzer -i image.dd -o report.json'],Analyze forensic disk images.,"A tool for analyzing forensic disk images, extracting artifacts and metadata across file systems.",https://github.com/forensic-disk/analyzer,"['Linux', 'Windows', 'macOS']"
299,Forensic Registry Extractor,['reg_extractor -i registry.hive -o report.json'],Extract registry data.,"A tool for extracting forensic data from Windows registry hives, focusing on user activity.",https://github.com/forensic-registry/extractor,"['Linux', 'Windows', 'macOS']"
300,Forensic Image Extractor,['image_extractor -i image.dd -o artifacts_dir'],Extract files from disk images.,A tool for extracting files and metadata from forensic disk images for analysis.,https://github.com/forensic-image/extractor,"['Linux', 'Windows', 'macOS']"
